product_id,product_name,category,style,occasion,color,season,size,price,description,image_url
101,Classic Black T-Shirt,Top,Casual,College,Black,Summer,M,799,Classic black cotton t-shirt for everyday college wear,
102,White Formal Shirt,Top,Formal,Office,White,Summer,M,1299,Plain white formal shirt for office wear,
103,Blue Slim Jeans,Bottom,Casual,College,Blue,All,M,1499,Comfortable blue slim fit jeans for casual outfits,
104,Black Chinos,Bottom,Smart Casual,Office,Black,All,M,1799,Black chinos suitable for smart casual office outfits,
105,Red Polo T-Shirt,Top,Sport,Casual,Red,Summer,M,999,Red polo t-shirt suitable for casual outdoor activities,
106,White Casual Shirt,Top,Casual,College,White,Summer,M,1099,Lightweight white casual shirt for college,
107,Blue Denim Jacket,Outerwear,Casual,College,Blue,Winter,M,2199,Classic blue denim jacket for casual winter outfits,
108,Black Hoodie,Outerwear,Streetwear,Casual,Black,Winter,M,1999,Black hoodie with a modern streetwear style,
109,Grey Joggers,Bottom,Sport,Gym,Grey,All,M,1199,Comfortable grey joggers for gym and sports activities,
110,Black Track Pants,Bottom,Sport,Gym,Black,Winter,M,1299,Black athletic track pants for workouts,
111,Green Casual Shirt,Top,Casual,Vacation,Green,Summer,L,1199,Green casual shirt suitable for vacations,
112,Beige Cargo Pants,Bottom,Streetwear,Casual,Beige,All,L,1699,Relaxed beige cargo pants with multiple pockets,
113,Navy Blue Blazer,Outerwear,Formal,Party,Navy,Winter,L,2999,Navy blue blazer suitable for formal events,
114,Black Party Dress,One-Piece,Party,Party,Black,Winter,M,2499,Elegant black party dress for evening events,
115,Yellow Summer Dress,One-Piece,Casual,Vacation,Yellow,Summer,M,1599,Light yellow summer dress for vacations,
116,White Sneakers,Footwear,Casual,College,White,All,9,1999,White casual sneakers suitable for everyday college outfits,
117,Black Sports Shoes,Footwear,Sport,Gym,Black,All,9,2499,Black sports shoes designed for gym and running,
118,Brown Formal Shoes,Footwear,Formal,Office,Brown,All,9,2299,Brown formal shoes for office and professional outfits,
119,Black Kurta,Traditional,Traditional,Traditional,Black,All,M,1499,Black traditional kurta for cultural occasions,
120,Blue Casual Hoodie,Outerwear,Casual,College,Blue,Winter,L,1899,Blue casual hoodie for college and winter wear,